{"angle_offset": [0, 9.46232221], "length": 60.827625303}